{
  "GetBooking " : {
    "transaction" : "GetBooking ",
    "sampleCount" : 3000,
    "errorCount" : 0,
    "errorPct" : 0.0,
    "meanResTime" : 4476.950333333333,
    "medianResTime" : 4696.0,
    "minResTime" : 297.0,
    "maxResTime" : 24094.0,
    "pct1ResTime" : 7690.8,
    "pct2ResTime" : 7915.649999999999,
    "pct3ResTime" : 10894.389999999965,
    "throughput" : 12.276918166155811,
    "receivedKBytesPerSec" : 11.044478635093162,
    "sentKBytesPerSec" : 2.0141379263159833
  },
  "PartialUpdateBooking " : {
    "transaction" : "PartialUpdateBooking ",
    "sampleCount" : 3000,
    "errorCount" : 0,
    "errorPct" : 0.0,
    "meanResTime" : 11011.097999999996,
    "medianResTime" : 12233.0,
    "minResTime" : 298.0,
    "maxResTime" : 20104.0,
    "pct1ResTime" : 14865.7,
    "pct2ResTime" : 15430.0,
    "pct3ResTime" : 16649.04999999998,
    "throughput" : 12.206037920091138,
    "receivedKBytesPerSec" : 11.178378529579298,
    "sentKBytesPerSec" : 4.195781828515339
  },
  "Total" : {
    "transaction" : "Total",
    "sampleCount" : 18000,
    "errorCount" : 0,
    "errorPct" : 0.0,
    "meanResTime" : 7560.645666666671,
    "medianResTime" : 6286.0,
    "minResTime" : 295.0,
    "maxResTime" : 244288.0,
    "pct1ResTime" : 14553.599999999999,
    "pct2ResTime" : 15447.900000000001,
    "pct3ResTime" : 26424.350000000104,
    "throughput" : 71.4796283059328,
    "receivedKBytesPerSec" : 63.43384613141331,
    "sentKBytesPerSec" : 22.325579158724487
  },
  "Auth" : {
    "transaction" : "Auth",
    "sampleCount" : 3000,
    "errorCount" : 0,
    "errorPct" : 0.0,
    "meanResTime" : 10715.20733333336,
    "medianResTime" : 7243.0,
    "minResTime" : 1280.0,
    "maxResTime" : 244288.0,
    "pct1ResTime" : 21098.7,
    "pct2ResTime" : 27598.199999999993,
    "pct3ResTime" : 71002.48999999999,
    "throughput" : 12.276064130159016,
    "receivedKBytesPerSec" : 9.31364845137451,
    "sentKBytesPerSec" : 3.0450393447855375
  },
  "CreateBooking " : {
    "transaction" : "CreateBooking ",
    "sampleCount" : 3000,
    "errorCount" : 0,
    "errorPct" : 0.0,
    "meanResTime" : 3518.18,
    "medianResTime" : 2700.5,
    "minResTime" : 295.0,
    "maxResTime" : 51226.0,
    "pct1ResTime" : 6648.0,
    "pct2ResTime" : 7744.699999999999,
    "pct3ResTime" : 9812.389999999987,
    "throughput" : 12.298862355232142,
    "receivedKBytesPerSec" : 11.407374993594342,
    "sentKBytesPerSec" : 5.6089538280209075
  },
  "GetBooking" : {
    "transaction" : "GetBooking",
    "sampleCount" : 3000,
    "errorCount" : 0,
    "errorPct" : 0.0,
    "meanResTime" : 5158.419666666647,
    "medianResTime" : 5714.5,
    "minResTime" : 296.0,
    "maxResTime" : 16812.0,
    "pct1ResTime" : 7704.0,
    "pct2ResTime" : 8145.799999999999,
    "pct3ResTime" : 9816.99,
    "throughput" : 12.176164751626533,
    "receivedKBytesPerSec" : 11.152257105806813,
    "sentKBytesPerSec" : 1.9976084300154637
  },
  "UpdateBooking" : {
    "transaction" : "UpdateBooking",
    "sampleCount" : 3000,
    "errorCount" : 0,
    "errorPct" : 0.0,
    "meanResTime" : 10484.018666666674,
    "medianResTime" : 12061.0,
    "minResTime" : 313.0,
    "maxResTime" : 27294.0,
    "pct1ResTime" : 14817.0,
    "pct2ResTime" : 15634.349999999999,
    "pct3ResTime" : 17533.689999999995,
    "throughput" : 12.24095087706413,
    "receivedKBytesPerSec" : 11.103881299499344,
    "sentKBytesPerSec" : 6.096523499820466
  }
}